{"cameraMode":{"drawMode":0,"name":"Shaded","section":"Shading Mode"},"sceneLighting":false,"audioPlay":false,"sceneViewState":{"m_AlwaysRefresh":false,"showFog":true,"showSkybox":false,"showFlares":true,"showImageEffects":true,"showParticleSystems":true,"showVisualEffectGraphs":true,"m_FxEnabled":true},"in2DMode":false,"pivot":{"x":-0.03085961937904358,"y":0.9954769015312195,"z":-0.09299761056900025},"rotation":{"x":-0.14118774235248567,"y":0.12497550249099732,"z":-0.017968473955988885,"w":-0.9819105863571167},"size":2.36602520942688,"orthographic":false}